Date,High,Low,Open,Close,Volume
1/2/19,39.71250153,38.55749893,38.72249985,39.47999954,148158800
1/3/19,36.43000031,35.5,35.99499893,35.54750061,365248800
1/4/19,37.13750076,35.95000076,36.13249969,37.06499863,234428400
1/7/19,37.20750046,36.47499847,37.17499924,36.98249817,219111200
1/8/19,37.95500183,37.13000107,37.38999939,37.6875,164101200
1/9/19,38.63249969,37.40750122,37.82249832,38.32749939,180396400
1/10/19,38.49250031,37.71500015,38.125,38.45000076,143122800
1/11/19,38.42499924,37.87749863,38.22000122,38.07249832,108092800
1/14/19,37.81750107,37.30500031,37.71250153,37.5,129756800
1/15/19,38.34749985,37.51250076,37.56750107,38.26750183,114843600
1/16/19,38.97000122,38.25,38.27000046,38.73500061,122278800
1/17/19,39.41500092,38.31499863,38.54999924,38.96500015,119284800
1/18/19,39.47000122,38.99499893,39.375,39.20500183,135004000
1/22/19,39.18249893,38.15499878,39.10250092,38.32500076,121576000
1/23/19,38.78499985,37.92499924,38.53749847,38.47999954,92522400
1/24/19,38.61999893,37.93500137,38.52750015,38.17499924,101766000
1/25/19,39.53250122,38.58000183,38.86999893,39.43999863,134142000
1/28/19,39.08250046,38.41500092,38.94749832,39.07500076,104768400
1/29/19,39.53250122,38.52750015,39.0625,38.66999817,166348800
1/30/19,41.53749847,40.05749893,40.8125,41.3125,244439200
1/31/19,42.25,41.13999939,41.52750015,41.61000061,162958400
2/1/19,42.24499893,41.48249817,41.74000168,41.63000107,130672400
2/4/19,42.91500092,41.81999969,41.85250092,42.8125,125982000
2/5/19,43.77000046,43.08750153,43.21500015,43.54499817,144406400
2/6/19,43.89250183,43.21250153,43.66249847,43.56000137,112958400
2/7/19,43.48500061,42.58499908,43.09999847,42.73500061,126966800
2/8/19,42.66500092,42.10499954,42.24750137,42.60250092,95280000
2/11/19,42.80250168,42.3125,42.76250076,42.35749817,83973600
2/12/19,42.75,42.42499924,42.52500153,42.72249985,89134000
2/13/19,43.11999893,42.47999954,42.84749985,42.54499817,89960800
2/14/19,42.81499863,42.34500122,42.42750168,42.70000076,87342800
2/15/19,42.92499924,42.4375,42.8125,42.60499954,98507200
2/19/19,42.86000061,42.37250137,42.42750168,42.73249817,75891200
2/20/19,43.33000183,42.74750137,42.79750061,43.00749969,104457600
2/21/19,43.09249878,42.57500076,42.95000076,42.76499939,68998800
2/22/19,43.25,42.84500122,42.89500046,43.24250031,75652800
2/25/19,43.96749878,43.48749924,43.54000092,43.55749893,87493600
2/26/19,43.82500076,43.29249954,43.42750168,43.58250046,68280800
2/27/19,43.75,43.18249893,43.30250168,43.71749878,111341600
2/28/19,43.72750092,43.22999954,43.58000183,43.28749847,112861600
3/1/19,43.78749847,43.22249985,43.56999969,43.74250031,103544800
3/4/19,44.4375,43.49250031,43.92250061,43.96250153,109744800
3/5/19,44,43.63499832,43.98500061,43.88249969,78949600
3/6/19,43.87250137,43.48500061,43.66749954,43.63000107,83241600
3/7/19,43.61000061,43.00500107,43.46749878,43.125,99185600
3/8/19,43.26750183,42.375,42.58000183,43.22750092,95997600
3/11/19,44.77999878,43.83750153,43.87250137,44.72499847,128044000
3/12/19,45.66749954,44.84249878,45,45.22750092,129870400
3/13/19,45.82500076,45.22999954,45.5625,45.42750168,124130000
3/14/19,46.02500153,45.63999939,45.97499847,45.93249893,94318000
3/15/19,46.83250046,45.93500137,46.21250153,46.52999878,156171600
3/18/19,47.09749985,46.44749832,46.45000076,47.00500107,104879200
3/19/19,47.24750137,46.47999954,47.08750153,46.63249969,126585600
3/20/19,47.37250137,46.18249893,46.55749893,47.04000092,124140800
3/21/19,49.08250046,47.45249939,47.50500107,48.77249908,204136800
3/22/19,49.42250061,47.69499969,48.83499908,47.76250076,169630800
3/25/19,47.99499893,46.65000153,47.87749863,47.18500137,175381200
3/26/19,48.22000122,46.14500046,47.91500092,46.69749832,199202000
3/27/19,47.43999863,46.63750076,47.1875,47.11750031,119393600
3/28/19,47.38999939,46.88249969,47.23749924,47.18000031,83121600
3/29/19,47.52000046,47.13499832,47.45750046,47.48749924,94256000
4/1/19,47.91999817,47.09500122,47.90999985,47.81000137,111448000
4/2/19,48.61500168,47.76250076,47.77249908,48.50500107,91062800
4/3/19,49.125,48.28749847,48.3125,48.83750153,93087200
4/4/19,49.09249878,48.28499985,48.69749832,48.92250061,76457200
4/5/19,49.27500153,48.98249817,49.11249924,49.25,74106400
4/8/19,50.05749893,49.08499908,49.10499954,50.02500153,103526800
4/9/19,50.71250153,49.80749893,50.08000183,49.875,143072800
4/10/19,50.18500137,49.54499817,49.66999817,50.15499878,86781200
4/11/19,50.25,49.61000061,50.21250153,49.73749924,83603200
4/12/19,50.03499985,49.05250168,49.79999924,49.71749878,111042800
4/15/19,49.96250153,49.50249863,49.64500046,49.80749893,70146400
4/16/19,50.34249878,49.63999939,49.86500168,49.8125,102785600
4/17/19,50.84500122,49.65250015,49.88499832,50.78250122,115627200
4/18/19,51.03749847,50.63000107,50.77999878,50.96500015,96783200
4/22/19,51.23500061,50.58499908,50.70750046,51.13249969,77758000
4/23/19,51.9375,50.97499847,51.10749817,51.86999893,93292000
4/24/19,52.11999893,51.76250076,51.84000015,51.79000092,70162400
4/25/19,51.93999863,51.27999878,51.70750046,51.31999969,74172800
4/26/19,51.25,50.52999878,51.22499847,51.07500076,74596400
4/29/19,51.49250031,50.96500015,51.09999847,51.15250015,88818800
4/30/19,50.84999847,49.77750015,50.76499939,50.16749954,186139600
5/1/19,53.82749939,52.30749893,52.47000122,52.63000107,259309200
5/2/19,53.16249847,52.03250122,52.45999908,52.28749847,127985200
5/3/19,52.95999908,52.55749893,52.72249985,52.9375,83569600
5/6/19,52.20999908,50.875,51.07249832,52.11999893,129772400
5/7/19,51.85499954,50.20750046,51.47000122,50.71500015,155054800
5/8/19,51.33499908,50.4375,50.47499847,50.72499847,105358000
5/9/19,50.41999817,49.16500092,50.09999847,50.18000031,139634400
5/10/19,49.71250153,48.19250107,49.35499954,49.29499817,164834800
5/13/19,47.36999893,45.71250153,46.92750168,46.43000031,229722400
5/14/19,47.42499924,46.35250092,46.60250092,47.16500092,146118800
5/15/19,47.9375,46.50500107,46.56750107,47.72999954,106178800
5/16/19,48.11750031,47.20999908,47.47750092,47.52000046,132125600
5/17/19,47.72499847,46.68999863,46.73249817,47.25,131516400
5/20/19,46.08750153,45.06999969,45.88000107,45.77249908,154449200
5/21/19,47,46.17499924,46.30500031,46.65000153,113459200
5/22/19,46.42750168,45.63750076,46.16500092,45.69499969,118994400
5/23/19,45.13499832,44.45249939,44.95000076,44.91500092,146118800
5/24/19,45.53499985,44.65499878,45.04999924,44.74250031,94858800
5/28/19,45.14749908,44.47750092,44.72999954,44.55749893,111792800
5/29/19,44.83750153,44,44.10499954,44.34500122,113924800
5/30/19,44.80749893,44.16749954,44.48749924,44.57500076,84873600
5/31/19,44.49750137,43.74750137,44.05749893,43.76750183,108174400
6/3/19,44.47999954,42.56750107,43.90000153,43.32500076,161584400
6/4/19,44.95750046,43.63000107,43.86000061,44.90999985,123872000
6/5/19,46.24750137,45.28499985,46.06999969,45.63499832,119093600
6/6/19,46.36750031,45.53749847,45.77000046,46.30500031,90105200
6/7/19,47.97999954,46.44250107,46.62749863,47.53749847,122737600
6/10/19,48.84249878,47.90499878,47.95249939,48.14500046,104883600
6/11/19,49,48.40000153,48.71500015,48.70249939,107731600
6/12/19,48.99250031,48.34749985,48.48749924,48.54750061,73012800
6/13/19,49.19749832,48.40000153,48.67499924,48.53749847,86698400
6/14/19,48.39749908,47.57500076,47.88750076,48.18500137,75046000
6/17/19,48.74000168,48.04249954,48.22499847,48.47249985,58676400
6/18/19,50.07249832,48.80250168,49.01250076,49.61249924,106204000
6/19/19,49.97000122,49.32749939,49.91999817,49.46749878,84496800
6/20/19,50.15250015,49.50749969,50.09249878,49.86500168,86056000
6/21/19,50.21250153,49.53749847,49.70000076,49.69499969,191202400
6/24/19,50.04000092,49.54249954,49.63499832,49.64500046,72881600
6/25/19,49.81499863,48.82249832,49.60749817,48.89250183,84281200
6/26/19,50.24750137,49.33750153,49.44250107,49.95000076,104270000
6/27/19,50.39250183,49.89250183,50.07249832,49.93500137,83598800
6/28/19,49.875,49.26250076,49.66999817,49.47999954,124442400
7/1/19,51.12250137,50.16249847,50.79249954,50.38750076,109012000
7/2/19,50.78250122,50.34000015,50.35250092,50.68249893,67740800
7/3/19,51.11000061,50.67250061,50.81999969,51.10250092,45448000
7/5/19,51.27000046,50.72499847,50.83750153,51.05749893,69062000
7/8/19,50.34999847,49.60250092,50.20249939,50.00500107,101354400
7/9/19,50.37749863,49.70249939,49.79999924,50.31000137,82312000
7/10/19,50.93249893,50.38999939,50.46250153,50.80749893,71588400
7/11/19,51.09749985,50.42750168,50.82749939,50.4375,80767200
7/12/19,51,50.54999924,50.61249924,50.82500076,70380800
7/15/19,51.46749878,51,51.02249908,51.30250168,67789600
7/16/19,51.52750015,50.875,51.14749908,51.125,67467200
7/17/19,51.27249908,50.81750107,51.01250076,50.83750153,56430000
7/18/19,51.47000122,50.92499924,51,51.41500092,74162400
7/19/19,51.625,50.59000015,51.44749832,50.64749908,83717200
7/22/19,51.80749893,50.90250015,50.91249847,51.80500031,89111600
7/23/19,52.22750092,51.82249832,52.11500168,52.20999908,73420800
7/24/19,52.28749847,51.79249954,51.91749954,52.16749954,59966400
7/25/19,52.31000137,51.68249893,52.22249985,51.75500107,55638400
7/26/19,52.43249893,51.78499985,51.86999893,51.93500137,70475600
7/29/19,52.65999985,52.11000061,52.11500168,52.41999817,86693600
7/30/19,52.54000092,51.82749939,52.18999863,52.19499969,135742800
7/31/19,55.34249878,52.82500076,54.10499954,53.25999832,277125600
8/1/19,54.50749969,51.68500137,53.47499847,52.10749817,216071600
8/2/19,51.60749817,50.40750122,51.38249969,51.00500107,163448400
8/5/19,49.66249847,48.14500046,49.49750137,48.33499908,209572000
8/6/19,49.51750183,48.50999832,49.07749939,49.25,143299200
8/7/19,49.88999939,48.45500183,48.85250092,49.75999832,133457600
8/8/19,50.88249969,49.84749985,50.04999924,50.85749817,108038000
8/9/19,50.68999863,49.82249832,50.32500076,50.24750137,98478800
8/12/19,50.51250076,49.78749847,49.90499878,50.11999893,89927600
8/13/19,53.03499985,50.11999893,50.25500107,52.24250031,188874000
8/14/19,51.61000061,50.64749908,50.79000092,50.6875,146189600
8/15/19,51.28499985,49.91749954,50.86500168,50.43500137,108909600
8/16/19,51.79000092,50.95999908,51.06999969,51.625,110481600
8/19/19,53.18249893,52.50749969,52.65499878,52.58750153,97654400
8/20/19,53.33750153,52.58000183,52.72000122,52.59000015,107537200
8/21/19,53.41249847,52.90000153,53.24750137,53.15999985,86141600
8/22/19,53.61000061,52.6875,53.29750061,53.11500168,89014800
8/23/19,53.01250076,50.25,52.35749817,50.65999985,187272000
8/26/19,51.79750061,51.26499939,51.46500015,51.62250137,104174400
8/27/19,52.13750076,50.88249969,51.96500015,51.04000092,103493200
8/28/19,51.43000031,50.83000183,51.02500153,51.38249969,63755200
8/29/19,52.33000183,51.66500092,52.125,52.25249863,83962000
8/30/19,52.61249924,51.79999924,52.54000092,52.18500137,84573600
9/3/19,51.74499893,51.05500031,51.60749817,51.42499924,80092000
9/4/19,52.36999893,51.83000183,52.09749985,52.29750061,76752400
9/5/19,53.49250031,52.87749863,53,53.31999969,95654800
9/6/19,53.60499954,53.12749863,53.51250076,53.31499863,77449200
9/9/19,54.11000061,52.76750183,53.70999908,53.54249954,109237600
9/10/19,54.19499969,52.92750168,53.46500015,54.17499924,127111600
9/11/19,55.92750168,54.43249893,54.51750183,55.89749908,177158400
9/12/19,56.60499954,55.71500015,56.20000076,55.77249908,128906800
9/13/19,55.19749832,54.25500107,55,54.6875,159053200
9/16/19,55.03250122,54.38999939,54.43249893,54.97499847,84632400
9/17/19,55.20500183,54.77999878,54.99000168,55.17499924,73274800
9/18/19,55.71250153,54.86000061,55.26499939,55.69250107,101360000
9/19/19,55.93999863,55.09249878,55.50249863,55.24000168,88242400
9/20/19,55.63999939,54.36750031,55.34500122,54.43249893,221652400
9/23/19,54.95999908,54.41249847,54.73749924,54.68000031,76662000
9/24/19,55.62250137,54.29750061,55.25749969,54.41999817,124763200
9/25/19,55.375,54.28499985,54.63750076,55.25749969,87613600
9/26/19,55.23500061,54.70750046,55,54.97249985,75334000
9/27/19,55.24000168,54.31999969,55.13499832,54.70500183,101408000
9/30/19,56.14500046,55.19749832,55.22499847,55.99250031,103909600
10/1/19,57.05500031,56.04999924,56.26750183,56.14749908,139223200
10/2/19,55.89500046,54.48249817,55.76499939,54.74000168,138449200
10/3/19,55.24000168,53.78250122,54.60749817,55.20500183,114426000
10/4/19,56.87250137,55.97249985,56.40999985,56.75249863,138478800
10/7/19,57.48249817,56.45999908,56.56750107,56.76499939,122306000
10/8/19,57.01499939,56.08250046,56.45500183,56.09999847,111820000
10/9/19,56.94749832,56.40999985,56.75749969,56.75749969,74770400
10/10/19,57.61000061,56.82500076,56.98249817,57.52249908,113013600
10/11/19,59.40999985,58.07749939,58.23749924,59.05250168,166795600
10/14/19,59.53250122,58.66749954,58.72499847,58.96749878,96427600
10/15/19,59.41249847,58.72000122,59.09749985,58.83000183,87360000
10/16/19,58.81000137,58.29999924,58.34249878,58.59249878,73903200
10/17/19,59.03749847,58.38000107,58.77249908,58.81999969,67585200
10/18/19,59.39500046,58.57249832,58.64749908,59.10250092,97433600
10/21/19,60.24750137,59.33000183,59.38000107,60.12749863,87247200
10/22/19,60.54999924,59.90499878,60.29000092,59.99000168,82293600
10/23/19,60.81000137,60.30500031,60.52500153,60.79499817,75828800
10/24/19,61.20000076,60.45249939,61.12749863,60.89500046,69275200
10/25/19,61.68249893,60.72000122,60.79000092,61.64500046,73477200
10/28/19,62.3125,61.68000031,61.85499954,62.26250076,96572800
10/29/19,62.4375,60.64250183,62.24250031,60.82249832,142839600
10/30/19,61.32500076,60.30250168,61.18999863,60.81499863,124522000
10/31/19,62.29249954,59.31499863,61.81000137,62.18999863,139162000
11/1/19,63.98249817,62.29000092,62.38499832,63.95500183,151125200
11/4/19,64.46250153,63.84500122,64.33249664,64.375,103272000
11/5/19,64.54750061,64.08000183,64.26249695,64.28250122,79897600
11/6/19,64.37249756,63.84249878,64.19249725,64.30999756,75864400
11/7/19,65.08750153,64.52749634,64.68499756,64.85749817,94940400
11/8/19,65.11000061,64.21250153,64.67250061,65.03500366,69986400
11/11/19,65.61750031,64.56999969,64.57499695,65.55000305,81821200
11/12/19,65.69750214,65.23000336,65.38749695,65.48999786,87388800
11/13/19,66.19499969,65.26750183,65.28250122,66.11750031,102734400
11/14/19,66.22000122,65.52500153,65.9375,65.66000366,89182800
11/15/19,66.44499969,65.75250244,65.91999817,66.44000244,100206400
11/18/19,66.85749817,66.05750275,66.44999695,66.77500153,86703200
11/19/19,67,66.34750366,66.97499847,66.57250214,76167200
11/20/19,66.51999664,65.09999847,66.38500214,65.79750061,106234400
11/21/19,66.00250244,65.29499817,65.92250061,65.50250244,121395200
11/22/19,65.79499817,65.20999908,65.64749908,65.44499969,65325200
11/25/19,66.61000061,65.62999725,65.67749786,66.59249878,84020400
11/26/19,66.79000092,65.625,66.73500061,66.07250214,105207600
11/27/19,66.99500275,66.32749939,66.39499664,66.95999908,65235600
11/29/19,67,66.47499847,66.65000153,66.8125,46617600
12/2/19,67.0625,65.86250305,66.81749725,66.04000092,94487200
12/3/19,64.88249969,64.07250214,64.57749939,64.86250305,114430400
12/4/19,65.82749939,65.16999817,65.26750183,65.43499756,67181600
12/5/19,66.47250366,65.68250275,65.94750214,66.39499664,74424400
12/6/19,67.75,66.82499695,66.87000275,67.67749786,106075600
12/9/19,67.69999695,66.22750092,67.5,66.73000336,128042400
12/10/19,67.51750183,66.46499634,67.15000153,67.12000275,90420400
12/11/19,67.77500153,67.125,67.20249939,67.69249725,78756800
12/12/19,68.13999939,66.83000183,66.94499969,67.86499786,137310400
12/13/19,68.82499695,67.73249817,67.86499786,68.78749847,133587600
12/16/19,70.19750214,69.24500275,69.25,69.96499634,128186000
12/17/19,70.44249725,69.69999695,69.89250183,70.10250092,114158400
12/18/19,70.47499847,69.77999878,69.94999695,69.93499756,116028400
12/19/19,70.29499817,69.73750305,69.875,70.00499725,98369200
12/20/19,70.66249847,69.63999939,70.55750275,69.86000061,275978000
12/23/19,71.0625,70.09249878,70.13249969,71,98572000
12/24/19,71.22250366,70.73000336,71.17250061,71.06749725,48478800
12/26/19,72.49500275,71.17500305,71.20500183,72.47750092,93121200
12/27/19,73.49250031,72.02999878,72.77999878,72.44999695,146266000
12/30/19,73.17250061,71.30500031,72.36499786,72.87999725,144114400
12/31/19,73.41999817,72.37999725,72.48249817,73.41249847,100805600
1/2/20,75.15000153,73.79750061,74.05999756,75.08750153,135480400
1/3/20,75.14499664,74.125,74.28749847,74.35749817,146322800
1/6/20,74.98999786,73.1875,73.44750214,74.94999695,118387200
1/7/20,75.22499847,74.37000275,74.95999908,74.59750366,108872000
1/8/20,76.11000061,74.29000092,74.29000092,75.79750061,132079200
1/9/20,77.60749817,76.55000305,76.80999756,77.40750122,170108400
1/10/20,78.16750336,77.0625,77.65000153,77.58249664,140644800
1/13/20,79.26750183,77.78749847,77.91000366,79.23999786,121532000
1/14/20,79.39250183,78.04250336,79.17500305,78.16999817,161954400
1/15/20,78.875,77.38749695,77.96250153,77.83499908,121923600
1/16/20,78.92500305,78.02249908,78.39749908,78.80999756,108829200
1/17/20,79.68499756,78.75,79.06749725,79.68250275,137816400
1/21/20,79.75499725,79,79.29750061,79.14250183,110843200
1/22/20,79.99749756,79.32749939,79.64499664,79.42500305,101832400
1/23/20,79.88999939,78.91249847,79.48000336,79.80750275,104472000
1/24/20,80.83249664,79.37999725,80.0625,79.57749939,146537600
1/27/20,77.94249725,76.22000122,77.51499939,77.23750305,161940000
1/28/20,79.59999847,78.04750061,78.15000153,79.42250061,162234000
1/29/20,81.96250153,80.34500122,81.11250305,81.08499908,216229200
1/30/20,81.02249908,79.6875,80.13500214,80.96749878,126743200
1/31/20,80.66999817,77.07250214,80.23249817,77.37750244,199588400
2/3/20,78.37249756,75.55500031,76.07499695,77.16500092,173985600
2/4/20,79.91000366,78.40750122,78.82749939,79.71250153,136616400
2/5/20,81.19000244,79.73750305,80.87999725,80.36250305,118826800
2/6/20,81.30500031,80.06500244,80.64250183,81.30249786,105425600
2/7/20,80.84999847,79.5,80.59249878,80.00749969,117684000
2/10/20,80.38749695,78.46250153,78.54499817,80.38749695,109348800
2/11/20,80.97499847,79.67749786,80.90000153,79.90249634,94323200
2/12/20,81.80500031,80.36750031,80.36750031,81.80000305,113730400
2/13/20,81.55500031,80.83750153,81.04750061,81.21749878,94747600
2/14/20,81.49500275,80.71250153,81.18499756,81.23750305,80113600
2/18/20,79.9375,78.65249634,78.83999634,79.75,152531200
2/19/20,81.14250183,80,80,80.90499878,93984000
2/20/20,81.16249847,79.55249786,80.65750122,80.07499695,100566000
2/21/20,80.11250305,77.625,79.65499878,78.26249695,129554000
2/24/20,76.04499817,72.30750275,74.31500244,74.54499817,222195200
2/25/20,75.63249969,71.53250122,75.23750305,72.01999664,230673600
2/26/20,74.47000122,71.625,71.63249969,73.16249847,198054800
2/27/20,71.5,68.23999786,70.27500153,68.37999725,320605600
2/28/20,69.60250092,64.09249878,64.31500244,68.33999634,426884800
3/2/20,75.36000061,69.43000031,70.56999969,74.70249939,341397200
3/3/20,76,71.44999695,75.91750336,72.33000183,319475600
3/4/20,75.84999847,73.28250122,74.11000061,75.68499756,219178400
3/5/20,74.88749695,72.85250092,73.87999725,73.23000336,187572800
3/6/20,72.70500183,70.30750275,70.5,72.25749969,226176800
3/9/20,69.52249908,65.75,65.9375,66.54250336,286744800
3/10/20,71.61000061,67.34249878,69.28500366,71.33499908,285290000
3/11/20,70.30500031,67.96499634,69.34750366,68.85749817,255598800
3/12/20,67.5,62,63.98500061,62.05749893,418474000
3/13/20,69.98000336,63.23749924,66.22250366,69.49250031,370732000
3/16/20,64.76999664,60,60.48749924,60.55250168,322423600
3/17/20,64.40249634,59.59999847,61.87749863,63.21500015,324056000
3/18/20,62.5,59.27999878,59.94250107,61.66749954,300233600
3/19/20,63.20999908,60.65250015,61.84749985,61.19499969,271857200
3/20/20,62.95750046,57,61.79499817,57.31000137,401693200
3/23/20,57.125,53.15250015,57.02000046,56.09249878,336752800
3/24/20,61.92250061,58.57500076,59.09000015,61.72000122,287531200
3/25/20,64.5625,61.07500076,62.6875,61.38000107,303602000
3/26/20,64.66999817,61.59000015,61.63000107,64.61000061,252087200
3/27/20,63.96749878,61.76250076,63.1875,61.93500137,204216800
3/30/20,63.88000107,62.34999847,62.68500137,63.70249939,167976400
3/31/20,65.62249756,63,63.90000153,63.57249832,197002000
4/1/20,62.18000031,59.78250122,61.625,60.22750092,176218400
4/2/20,61.28749847,59.22499847,60.08499908,61.23249817,165934000
4/3/20,61.42499924,59.74250031,60.70000076,60.35250092,129880000
4/6/20,65.77749634,62.34500122,62.72499847,65.61750031,201820400
4/7/20,67.92500305,64.75,67.69999695,64.85749817,202887200
4/8/20,66.84249878,65.30750275,65.68499756,66.51750183,168895200
4/9/20,67.51750183,66.17500305,67.17500305,66.99749756,162116400
4/13/20,68.42500305,66.45749664,67.07749939,68.3125,131022800
4/14/20,72.0625,69.51249695,70,71.76249695,194994800
4/15/20,71.58249664,70.15750122,70.59999847,71.10749817,131154400
4/16/20,72.05000305,70.58750153,71.84500122,71.67250061,157125200
4/17/20,71.73750305,69.21499634,71.17250061,70.69999695,215250000
4/20/20,70.41999817,69.21250153,69.48750305,69.23249817,130015200
4/21/20,69.3125,66.35749817,69.06999969,67.09249878,180991600
4/22/20,69.47499847,68.05000305,68.40249634,69.02500153,117057200
4/23/20,70.4375,68.71749878,68.96749878,68.75749969,124814400
4/24/20,70.75250244,69.25,69.30000305,70.74250031,126508800
4/27/20,71.13500214,69.98750305,70.44999695,70.79250336,117087600
4/28/20,71.45749664,69.55000305,71.26999664,69.64499664,112004800
4/29/20,72.41750336,70.97250366,71.18250275,71.93250275,137280800
4/30/20,73.63249969,72.08750153,72.48999786,73.44999695,183064000
5/1/20,74.75,71.46250153,71.5625,72.26750183,60154200
5/4/20,73.42250061,71.58000183,72.29250336,73.29000092,33392000
5/5/20,75.25,73.61499786,73.76499939,74.38999939,36937800
5/6/20,75.80999756,74.71749878,75.11499786,75.15750122,35583400
5/7/20,76.29250336,75.49250031,75.80500031,75.93499756,28803800
5/8/20,77.58750153,76.07250214,76.41000366,77.53250122,33512000
5/11/20,79.26249695,76.80999756,77.02500153,78.75250244,36486600
5/12/20,79.92250061,77.72750092,79.45749664,77.85250092,40575300
5/13/20,78.98750305,75.80249786,78.03749847,76.91249847,50155600
5/14/20,77.44750214,75.38249969,76.12750244,77.38500214,39732300
5/15/20,76.97499847,75.05249786,75.08750153,76.92749786,41587100
5/18/20,79.125,77.58000183,78.29250336,78.73999786,33843100
5/19/20,79.62999725,78.25250244,78.75749969,78.28500366,25432400
5/20/20,79.87999725,79.12999725,79.16999817,79.80750275,27876200
5/21/20,80.22250366,78.96749878,79.66500092,79.21250153,25672200
5/22/20,79.80750275,78.83750153,78.94249725,79.72250366,20430600
5/26/20,81.05999756,79.125,80.875,79.18250275,125522000
5/27/20,79.67749786,78.27249908,79.03500366,79.52749634,112945200
5/28/20,80.86000061,78.90750122,79.19249725,79.5625,133560800
5/29/20,80.28749847,79.11750031,79.8125,79.48500061,153598000
6/1/20,80.58750153,79.30249786,79.4375,80.46250153,80791200
6/2/20,80.86000061,79.73249817,80.1875,80.83499908,87642800
6/3/20,81.55000305,80.57499695,81.16500092,81.27999878,104491200
6/4/20,81.40499878,80.19499969,81.09750366,80.58000183,87560400
6/5/20,82.9375,80.80750275,80.83750153,82.875,137250400
6/8/20,83.40000153,81.83000183,82.5625,83.36499786,95654400
6/9/20,86.40249634,83.00250244,83.03500366,85.99749756,147712400
6/10/20,88.69249725,86.52249908,86.97499847,88.20999908,166651600
6/11/20,87.76499939,83.87000275,87.32749939,83.97499847,201662400
6/12/20,86.94999695,83.55500031,86.18000031,84.69999695,200146000
6/15/20,86.41999817,83.14499664,83.3125,85.74749756,138808800
6/16/20,88.30000305,86.18000031,87.86499786,88.01999664,165428800
6/17/20,88.84999847,87.77249908,88.78749847,87.89749908,114406400
6/18/20,88.36250305,87.30500031,87.85250092,87.93250275,96820400
6/19/20,89.13999939,86.28749847,88.66000366,87.43000031,264476000
6/22/20,89.86499786,87.78749847,87.83499908,89.71749878,135445200
6/23/20,93.09500122,90.56749725,91,91.63249969,212155600
6/24/20,92.19750214,89.62999725,91.25,90.01499939,192623200
6/25/20,91.25,89.39250183,90.17500305,91.20999908,137522400
6/26/20,91.33000183,88.25499725,91.10250092,88.40750122,205256800
6/29/20,90.54250336,87.81999969,88.3125,90.44499969,130646000
6/30/20,91.49500275,90,90.01999664,91.19999695,140223200
7/1/20,91.83999634,90.97750092,91.27999878,91.02749634,110737200
7/2/20,92.61750031,90.91000366,91.96250153,91.02749634,114041600
7/6/20,93.94499969,92.46749878,92.5,93.46250153,118655600
7/7/20,94.65499878,93.05750275,93.85250092,93.17250061,112424400
7/8/20,95.375,94.08999634,94.18000031,95.34249878,117092000
7/9/20,96.31749725,94.67250061,96.26249695,95.75250244,125642800
7/10/20,95.98000336,94.70500183,95.33499908,95.91999817,90257200
7/13/20,99.95500183,95.25749969,97.26499939,95.47750092,191649200
7/14/20,97.25499725,93.87750244,94.83999634,97.05750275,170989200
7/15/20,99.24749756,96.48999786,98.98999786,97.72499847,153198000
7/16/20,97.40499878,95.90499878,96.5625,96.52249908,110577600
7/17/20,97.14749908,95.83999634,96.98750305,96.32749939,92186800
7/20/20,98.5,96.0625,96.41750336,98.35749817,90318000
7/21/20,99.25,96.74250031,99.17250061,97,103646000
7/22/20,97.97499847,96.60250092,96.69249725,97.27249908,89001600
7/23/20,97.07749939,92.01000214,96.99749756,92.84500122,197004400
7/24/20,92.97000122,89.14499664,90.98750305,92.61499786,185438800
7/27/20,94.90499878,93.48000336,93.70999908,94.80999756,121214000
7/28/20,94.55000305,93.24749756,94.36750031,93.25250244,103625600
7/29/20,95.23000336,93.71250153,93.75,95.04000092,90329200
7/30/20,96.29750061,93.76750183,94.1875,96.19000244,158130000
7/31/20,106.4150009,100.8249969,102.8850021,106.2600021,374336800
8/3/20,111.6374969,107.8925018,108.1999969,108.9375,308151200
8/4/20,110.7900009,108.3874969,109.1324997,109.6650009,173071600
8/5/20,110.3925018,108.8974991,109.3775024,110.0625,121992000
8/6/20,114.4124985,109.7975006,110.4049988,113.9024963,202428800
8/7/20,113.6750031,110.2925034,113.2050018,111.1125031,198045600
8/10/20,113.7750015,110,112.5999985,112.7275009,212403600
8/11/20,112.4824982,109.1074982,111.9700012,109.375,187902400
8/12/20,113.2750015,110.2975006,110.4974976,113.0100021,165944800
8/13/20,116.0425034,113.9274979,114.4300003,115.0100021,210082000
8/14/20,115,113.0449982,114.8300018,114.9075012,165565200
8/17/20,116.0875015,113.9625015,116.0625,114.6074982,119561600
8/18/20,116,114.0074997,114.3525009,115.5625,105633600
8/19/20,117.1624985,115.6100006,115.9824982,115.7074966,145538000
8/20/20,118.3925018,115.7324982,115.75,118.2750015,126907200
8/21/20,124.8675003,119.25,119.2624969,124.3700027,338054800
8/24/20,128.7850037,123.9375,128.6974945,125.8574982,345937600
8/25/20,125.1800003,123.0524979,124.6975021,124.8249969,211495600
8/26/20,126.9925003,125.0824966,126.1800003,126.5224991,163022400
8/27/20,127.4850006,123.8324966,127.1425018,125.0100021,155552400
8/28/20,126.4424973,124.5774994,126.0124969,124.8075027,187630000
8/31/20,131,126,127.5800018,129.0399933,225702700
9/1/20,134.8000031,130.5299988,132.7599945,134.1799927,152470100
9/2/20,137.9799957,127,137.5899963,131.3999939,200119000
9/3/20,128.8399963,120.5,126.9100037,120.8799973,257599600
9/4/20,123.6999969,110.8899994,120.0699997,120.9599991,332607200
9/8/20,118.9899979,112.6800003,113.9499969,112.8199997,231366600
9/9/20,119.1399994,115.2600021,117.2600021,117.3199997,176940500
9/10/20,120.5,112.5,120.3600006,113.4899979,182274400
9/11/20,115.2300034,110,114.5699997,112,180860300
9/14/20,115.9300003,112.8000031,114.7200012,115.3600006,140150100
9/15/20,118.8300018,113.6100006,118.3300018,115.5400009,184642000
9/16/20,116,112.0400009,115.2300034,112.1299973,154679000
9/17/20,112.1999969,108.7099991,109.7200012,110.3399963,178011000
9/18/20,110.8799973,106.0899963,110.4000015,106.8399963,287104900
9/21/20,110.1900024,103.0999985,104.5400009,110.0800018,195713800
9/22/20,112.8600006,109.1600037,112.6800003,111.8099976,183055400
9/23/20,112.1100006,106.7699966,111.6200027,107.1200027,150718700
9/24/20,110.25,105,105.1699982,108.2200012,167743300
9/25/20,112.4400024,107.6699982,108.4300003,112.2799988,149981400
9/28/20,115.3199997,112.7799988,115.0100021,114.9599991,137672400
9/29/20,115.3099976,113.5699997,114.5500031,114.0899963,99382200
9/30/20,117.2600021,113.6200027,113.7900009,115.8099976,142675200
10/1/20,117.7200012,115.8300018,117.6399994,116.7900009,116120400
10/2/20,115.3700027,112.2200012,112.8899994,113.0199966,144712000
10/5/20,116.6500015,113.5500031,113.9100037,116.5,106243800
10/6/20,116.1200027,112.25,115.6999969,113.1600037,161498200
10/7/20,115.5500031,114.1299973,114.6200027,115.0800018,96849000
10/8/20,116.4000015,114.5899963,116.25,114.9700012,83477200
10/9/20,117,114.9199982,115.2799988,116.9700012,100506900
10/12/20,125.1800003,119.2799988,120.0599976,124.4000015,240226800
10/13/20,125.3899994,119.6500015,125.2699966,121.0999985,262330500
10/14/20,123.0299988,119.6200027,121,121.1900024,151062300
10/15/20,121.1999969,118.1500015,118.7200012,120.7099991,112559200
10/16/20,121.5500031,118.8099976,121.2799988,119.0199966,115393800
10/19/20,120.4199982,115.6600037,119.9599991,115.9800034,120639300
10/20/20,118.9800034,115.6299973,116.1999969,117.5100021,124423700
10/21/20,118.7099991,116.4499969,116.6699982,116.8700027,89946000
10/22/20,118.0400009,114.5899963,117.4499969,115.75,101988000
10/23/20,116.5500031,114.2799988,116.3899994,115.0400009,82572600
10/26/20,116.5500031,112.8799973,114.0100021,115.0500031,111850700
10/27/20,117.2799988,114.5400009,115.4899979,116.5999985,92276800
10/28/20,115.4300003,111.0999985,115.0500031,111.1999969,143937800
10/29/20,116.9300003,112.1999969,112.3700027,115.3199997,146129200
10/30/20,111.9899979,107.7200012,111.0599976,108.8600006,190272600
11/2/20,110.6800003,107.3199997,109.1100006,108.7699966,122866900
11/3/20,111.4899979,108.7300034,109.6600037,110.4400024,107624400
11/4/20,115.5899963,112.3499985,114.1399994,114.9499969,138235500
11/5/20,119.6200027,116.8700027,117.9499969,119.0299988,126387100
11/6/20,119.1999969,116.1299973,118.3199997,118.6900024,114457900
11/9/20,121.9899979,116.0500031,120.5,116.3199997,154515300
11/10/20,117.5899963,114.1299973,115.5500031,115.9700012,138023400
11/11/20,119.6299973,116.4400024,117.1900024,119.4899979,112295000
11/12/20,120.5299988,118.5699997,119.6200027,119.2099991,103162300
11/13/20,119.6699982,117.8700027,119.4400024,119.2600021,81581900
11/16/20,120.9899979,118.1500015,118.9199982,120.3000031,91183000
11/17/20,120.6699982,118.9599991,119.5500031,119.3899994,74271000
11/18/20,119.8199997,118,118.6100006,118.0299988,76322100
11/19/20,119.0599976,116.8099976,117.5899963,118.6399994,74113000
11/20/20,118.7699966,117.2900009,118.6399994,117.3399963,73391400